#identifier	title	gene symbol	gene chr	gene start	gene end	highlight start	highlight end
PLAGL1_alt-TSS-DMR	PLAGL1:alt-TSS-DMR	PLAGL1	chr6	143940299	144064599	144006941	144008751
GRB10_alt-TSS-DMR	GRB10:alt-TSS-DMR	GRB10	chr7	50590062	50793462	50781029	50783615
PEG10_TSS-DMR	PEG10:TSS-DMR	PEG10	chr7	94656225	94669695	94656225	94658648
MEST_alt-TSS-DMR	MEST:alt-TSS-DMR	MEST	chr7	130486170	130506465	130490281	130494547
H19_IGF2_IG-DMR	H19/IGF2:IG-DMR	H19	chr11	1995175	2004552	1997582	2003510
KCNQ1OT1_TSS-DMR	KCNQ1OT1:TSS-DMR	KCNQ1OT1	chr11	2597307	2706029	2698718	2701029
MEG3_DLK1_IG-DMR	MEG3/DLK1:IG-DMR	MEG3	chr14	100779409	100861029	100809090	100811721
MEG3_TSS-DMR	MEG3:TSS-DMR	MEG3	chr14	100779409	100861029	100824187	100827641
MEG8_Int2-DMR	MEG8:Int2-DMR	MEG8	chr14	100894963	101038859	100904404	100905082
SNURF_TSS-DMR	SNURF:TSS-DMR	SNURF	chr15	24954857	24968829	24954857	24956829
GNAS-NESP_TSS-DMR	GNAS-NESP:TSS-DMR	GNAS	chr20	58818918	58911192	58838984	58843557
GNAS-AS1_TSS-DMR	GNAS-AS1:TSS-DMR	GNAS-AS1	chr20	58818918	58911192	58850594	58852978
GNAS-XL_Ex1-DMR	GNAS-XL:Ex1-DMR	GNAS	chr20	58818918	58911192	58853850	58856408
GNAS_A_B_TSS-DMR	GNAS A/B:TSS-DMR	GNAS	chr20	58818918	58911192	58888210	58890146
DUX4	DUX4	DUX4	chr4	190163774	190185839	190173774	190175839
PHF6	PHF6	PHF6	chrX	134372188	134428792	134372188	134374713
RP2	RP2	RP2	chrX	46836539	46889240	46836539	46837273
AR	AR	AR	chrX	67543352	67730619	67543761	67546170
Promotor_ATM	Promotor ATM	ATM	chr11	108219803	108223803	108222802	108222803
Promotor_BARD1	Promotor BARD1	BARD1	chr2	214808683	214812683	214809682	214809683
Promotor_BRCA1	Promotor BRCA1	BRCA1	chr17	43169245	43173245	43170244	43170245
Promotor_BRCA2	Promotor BRCA2	BRCA2	chr13	32312085	32316085	32315084	32315085
Promotor_BRIP1	Promotor BRIP1	BRIP1	chr17	61862528	61866528	61863527	61863528
Promotor_CDH1	Promotor CDH1	CDH1	chr16	68734291	68738291	68737290	68737291
Promotor_CHEK2	Promotor CHEK2	CHEK2	chr22	28740838	28744838	28741837	28741838
Promotor_MLH1	Promotor MLH1	MLH1	chr3	36990518	36994518	36990518	36994518
Promotor_MSH2	Promotor MSH2	MSH2	chr2	47400156	47404156	47403155	47403156
Promotor_MSH6	Promotor MSH6	MSH6	chr2	47780145	47784145	47783144	47783145
Promotor_NF1	Promotor NF1	NF1	chr17	31091926	31095926	31094925	31094926
Promotor_PALB2	Promotor PALB2	PALB2	chr16	23640321	23644321	23641320	23641321
Promotor_PMS2	Promotor PMS2	PMS2	chr7	6008049	6012049	6009048	6009049
Promotor_PTEN	Promotor PTEN	PTEN	chr10	87861637	87865637	87862636	87862637
Promotor_RAD51C	Promotor RAD51C	RAD51C	chr17	58691572	58695572	58692571	58692572
Promotor_RAD51D	Promotor RAD51D	RAD51D	chr17	35120481	35124481	35121480	35121481
Promotor_SMARCA4	Promotor SMARCA4	SMARCA4	chr19	10958030	10962030	10961029	10961030
Promotor_STK11	Promotor STK11	STK11	chr19	1174557	1178557	1177556	1177557
Promotor_TP53	Promotor TP53	TP53	chr17	7686546	7690546	7687545	7687546
RepeatExpansion_VWA1	Repeat Expansion VWA1	VWA1	chr1	1430798	1440818	1435798	1435818
RepeatExpansion_DAB1	Repeat Expansion DAB1	DAB1	chr1	57362043	57372118	57367043	57367118
RepeatExpansion_ABCD3	Repeat Expansion ABCD3	ABCD3	chr1	94413421	94423442	94418421	94418442
RepeatExpansion_NOTCH2NLA	Repeat Expansion NOTCH2NLA	NOTCH2NLA	chr1	146223800	146233821	146228800	146228821
RepeatExpansion_NOTCH2NLC	Repeat Expansion NOTCH2NLC	NOTCH2NLC	chr1	149385802	149395841	149390802	149390841
RepeatExpansion_STARD7	Repeat Expansion STARD7	STARD7	chr2	96192066	96202121	96197066	96197121
RepeatExpansion_AFF3	Repeat Expansion AFF3	AFF3	chr2	100099798	100109822	100104798	100104822
RepeatExpansion_HOXD13	Repeat Expansion HOXD13	HOXD13	chr2	176088058	176098103	176093058	176093103
RepeatExpansion_GLS	Repeat Expansion GLS	GLS	chr2	190875872	190885920	190880872	190880920
RepeatExpansion_ATXN7	Repeat Expansion ATXN7	ATXN7	chr3	63907684	63917714	63912684	63912714
RepeatExpansion_ATXN7_GCC	Repeat Expansion ATXN7_GCC	ATXN7	chr3	63907714	63917726	63912714	63912726
RepeatExpansion_CNBP	Repeat Expansion CNBP	CNBP	chr3	129167576	129177656	129172576	129172656
RepeatExpansion_CNBP_CAGA	Repeat Expansion CNBP_CAGA	CNBP	chr3	129167656	129177696	129172656	129172696
RepeatExpansion_CNBP_CA	Repeat Expansion CNBP_CA	CNBP	chr3	129167696	129177732	129172696	129172732
RepeatExpansion_FOXL2	Repeat Expansion FOXL2	FOXL2	chr3	138941020	138951062	138946020	138946062
RepeatExpansion_YEATS2	Repeat Expansion YEATS2	YEATS2	chr3	183707187	183717222	183712187	183712222
RepeatExpansion_HTT	Repeat Expansion HTT	HTT	chr4	3069876	3079933	3074876	3074933
RepeatExpansion_HTT_CCG	Repeat Expansion HTT_CCG	HTT	chr4	3069939	3079966	3074939	3074966
RepeatExpansion_RFC1	Repeat Expansion RFC1	RFC1	chr4	39343424	39353479	39348424	39348479
RepeatExpansion_PHOX2B	Repeat Expansion PHOX2B	PHOX2B	chr4	41740972	41751032	41745972	41746032
RepeatExpansion_RAPGEF2	Repeat Expansion RAPGEF2	RAPGEF2	chr4	159337526	159347616	159342526	159342616
RepeatExpansion_MARCHF6	Repeat Expansion MARCHF6	MARCHF6	chr5	10351346	10361411	10356346	10356411
RepeatExpansion_PPP2R2B	Repeat Expansion PPP2R2B	PPP2R2B	chr5	146873727	146883757	146878727	146878757
RepeatExpansion_ATXN1	Repeat Expansion ATXN1	ATXN1	chr6	16322633	16332723	16327633	16327723
RepeatExpansion_RUNX2	Repeat Expansion RUNX2	RUNX2	chr6	45417750	45427792	45422750	45422792
RepeatExpansion_TBP	Repeat Expansion TBP	TBP	chr6	170556906	170567017	170561906	170562017
RepeatExpansion_HOXA13_3	Repeat Expansion HOXA13_3	HOXA13	chr7	27194678	27204732	27199678	27199732
RepeatExpansion_HOXA13_2	Repeat Expansion HOXA13_2	HOXA13	chr7	27194825	27204861	27199825	27199861
RepeatExpansion_HOXA13_1	Repeat Expansion HOXA13_1	HOXA13	chr7	27194924	27204966	27199924	27199966
RepeatExpansion_ZNF713	Repeat Expansion ZNF713	ZNF713	chr7	55882600	55892639	55887600	55887639
RepeatExpansion_LRP12	Repeat Expansion LRP12	LRP12	chr8	104583970	104593997	104588970	104588997
RepeatExpansion_SAMD12	Repeat Expansion SAMD12	SAMD12	chr8	118361812	118371918	118366812	118366918
RepeatExpansion_C9ORF72	Repeat Expansion C9ORF72	C9ORF72	chr9	27568528	27578546	27573528	27573546
RepeatExpansion_FXN_A	Repeat Expansion FXN_A	FXN	chr9	69032261	69042286	69037261	69037286
RepeatExpansion_FXN	Repeat Expansion FXN	FXN	chr9	69032286	69042304	69037286	69037304
RepeatExpansion_PRDM12	Repeat Expansion PRDM12	PRDM12	chr9	130676606	130686639	130681606	130681639
RepeatExpansion_NUTM2B-AS1	Repeat Expansion NUTM2B-AS1	NUTM2B-AS1	chr10	79821383	79831404	79826383	79826404
RepeatExpansion_FRA10AC1_CCA	Repeat Expansion FRA10AC1_CCA	FRA10AC1	chr10	93697516	93707522	93702516	93702522
RepeatExpansion_FRA10AC1	Repeat Expansion FRA10AC1	FRA10AC1	chr10	93697522	93707546	93702522	93702546
RepeatExpansion_C11ORF80	Repeat Expansion C11ORF80	C11ORF80	chr11	66739819	66749843	66744819	66744843
RepeatExpansion_CBL	Repeat Expansion CBL	CBL	chr11	119201289	119211322	119206289	119206322
RepeatExpansion_ATN1	Repeat Expansion ATN1	ATN1	chr12	6931716	6941773	6936716	6936773
RepeatExpansion_DIP2B	Repeat Expansion DIP2B	DIP2B	chr12	50500001	50510022	50505001	50505022
RepeatExpansion_ATXN2	Repeat Expansion ATXN2	ATXN2	chr12	111593949	111604018	111598949	111599018
RepeatExpansion_RILPL1	Repeat Expansion RILPL1	RILPL1	chr12	123528720	123538750	123533720	123533750
RepeatExpansion_ATXN8OS_CTA	Repeat Expansion ATXN8OS_CTA	ATXN8OS	chr13	70134353	70144383	70139353	70139383
RepeatExpansion_ATXN8OS	Repeat Expansion ATXN8OS	ATXN8OS	chr13	70134383	70144428	70139383	70139428
RepeatExpansion_ZIC2	Repeat Expansion ZIC2	ZIC2	chr13	99980448	99990493	99985448	99985493
RepeatExpansion_FGF14_AAGA	Repeat Expansion FGF14_AAGA	FGF14	chr13	102156566	102166574	102161566	102161574
RepeatExpansion_FGF14	Repeat Expansion FGF14	FGF14	chr13	102156574	102166724	102161574	102161724
RepeatExpansion_PABPN1	Repeat Expansion PABPN1	PABPN1	chr14	23316472	23326502	23321472	23321502
RepeatExpansion_ATXN3	Repeat Expansion ATXN3	ATXN3	chr14	92066010	92076040	92071010	92071040
RepeatExpansion_NIPA1	Repeat Expansion NIPA1	NIPA1	chr15	22781677	22791701	22786677	22786701
RepeatExpansion_XYLT1	Repeat Expansion XYLT1	XYLT1	chr16	17465907	17475922	17470907	17470922
RepeatExpansion_TNRC6A	Repeat Expansion TNRC6A	TNRC6A	chr16	24608439	24618529	24613439	24613529
RepeatExpansion_BEAN1	Repeat Expansion BEAN1	BEAN1	chr16	66485398	66495453	66490398	66490453
RepeatExpansion_THAP11	Repeat Expansion THAP11	THAP11	chr16	67837863	67847950	67842863	67842950
RepeatExpansion_ZFHX3	Repeat Expansion ZFHX3	ZFHX3	chr16	72782694	72792757	72787694	72787757
RepeatExpansion_JPH3	Repeat Expansion JPH3	JPH3	chr16	87599287	87609329	87604287	87604329
RepeatExpansion_EIF4A3	Repeat Expansion EIF4A3	EIF4A3	chr17	80142003	80152139	80147003	80147139
RepeatExpansion_TCF4	Repeat Expansion TCF4	TCF4	chr18	55581155	55591227	55586155	55586227
RepeatExpansion_CACNA1A	Repeat Expansion CACNA1A	CACNA1A	chr19	13202858	13212897	13207858	13207897
RepeatExpansion_GIPC1	Repeat Expansion GIPC1	GIPC1	chr19	14491041	14501074	14496041	14496074
RepeatExpansion_COMP	Repeat Expansion COMP	COMP	chr19	18781034	18791049	18786034	18786049
RepeatExpansion_DMPK	Repeat Expansion DMPK	DMPK	chr19	45765204	45775264	45770204	45770264
RepeatExpansion_NOP56	Repeat Expansion NOP56	NOP56	chr20	2647733	2657757	2652733	2652757
RepeatExpansion_NOP56_CGCCTG	Repeat Expansion NOP56_CGCCTG	NOP56	chr20	2647757	2657775	2652757	2652775
RepeatExpansion_PRNP_CCTCAGGGCGGTGGTGGCTGGGGGCAG	Repeat Expansion PRNP_CCTCAGGGCGGTGGTGGCTGGGGGCAG	PRNP	chr20	4694370	4704397	4699370	4699397
RepeatExpansion_PRNP	Repeat Expansion PRNP	PRNP	chr20	4694397	4704493	4699397	4699493
RepeatExpansion_CSTB	Repeat Expansion CSTB	CSTB	chr21	43771443	43781479	43776443	43776479
RepeatExpansion_TBX1	Repeat Expansion TBX1	TBX1	chr22	19761762	19771807	19766762	19766807
RepeatExpansion_CSNK1E	Repeat Expansion CSNK1E	CSNK1E	chr22	38312282	38322306	38317282	38317306
RepeatExpansion_ATXN10	Repeat Expansion ATXN10	ATXN10	chr22	45790354	45800424	45795354	45795424
RepeatExpansion_BCLAF3	Repeat Expansion BCLAF3	BCLAF3	chrX	19985922	19995973	19990922	19990973
RepeatExpansion_ARX_2_SGC	Repeat Expansion ARX_2_SGC	ARX	chrX	25008529	25018565	25013529	25013565
RepeatExpansion_ARX_1	Repeat Expansion ARX_1	ARX	chrX	25008649	25018697	25013649	25013697
RepeatExpansion_DMD	Repeat Expansion DMD	DMD	chrX	31279557	31289605	31284557	31284605
RepeatExpansion_AR	Repeat Expansion AR	AR	chrX	67540316	67550385	67545316	67545385
RepeatExpansion_ZIC3	Repeat Expansion ZIC3	ZIC3	chrX	137561826	137571856	137566826	137566856
RepeatExpansion_SOX3	Repeat Expansion SOX3	SOX3	chrX	140499316	140509361	140504316	140504361
RepeatExpansion_FMR1	Repeat Expansion FMR1	FMR1	chrX	147907050	147917110	147912050	147912110
RepeatExpansion_AFF2	Repeat Expansion AFF2	AFF2	chrX	148495631	148505691	148500631	148500691
RepeatExpansion_TMEM185A_CGCCGT	Repeat Expansion TMEM185A_CGCCGT	TMEM185A	chrX	149626723	149636735	149631723	149631735
RepeatExpansion_TMEM185A	Repeat Expansion TMEM185A	TMEM185A	chrX	149626735	149636780	149631735	149631780
