#gene	sources
AACSP1	https://dx.doi.org/10.1002/humu.22033
ABCA11P	https://dx.doi.org/10.1002/humu.22033
ABCA13	https://dx.doi.org/10.1002/humu.22033 NGSD_TUE
ABCD1P2	https://dx.doi.org/10.1002/humu.22033
ABCD1P4	https://dx.doi.org/10.1002/humu.22033
ACAN	https://dx.doi.org/10.1002/humu.22033
ACTR3BP2	https://dx.doi.org/10.1002/humu.22033
ADAM1A	https://dx.doi.org/10.1002/humu.22033
ADAM20P1	https://dx.doi.org/10.1002/humu.22033
ADAM21P1	https://dx.doi.org/10.1002/humu.22033
ADAM3A	https://dx.doi.org/10.1002/humu.22033
ADGRE1	https://dx.doi.org/10.1002/humu.22033
ADGRV1	https://dx.doi.org/10.1002/humu.22033 NGSD_TUE
AFG3L1P	https://dx.doi.org/10.1002/humu.22033
AGAP4	NGSD_TUE
AHCTF1P1	https://dx.doi.org/10.1002/humu.22033
AHNAK	https://dx.doi.org/10.1002/humu.22033 NGSD_TUE
AHNAK2	https://dx.doi.org/10.1002/humu.22033 NGSD_TUE
AKAP13	https://dx.doi.org/10.1002/humu.22033
AKR1C6P	https://dx.doi.org/10.1002/humu.22033
AKR1C8P	https://dx.doi.org/10.1002/humu.22033
AKR7A2P1	https://dx.doi.org/10.1002/humu.22033
ALDH7A1P2	https://dx.doi.org/10.1002/humu.22033
ALMS1P1	https://dx.doi.org/10.1002/humu.22033
ALOX12P2	https://dx.doi.org/10.1002/humu.22033
ALPK2	https://dx.doi.org/10.1002/humu.22033
AMZ2P1	https://dx.doi.org/10.1002/humu.22033
ANKLE1	NGSD_TUE
ANKRD19P	https://dx.doi.org/10.1002/humu.22033
ANKRD20A11P	https://dx.doi.org/10.1002/humu.22033
ANKRD20A3	https://dx.doi.org/10.1002/humu.22033
ANKRD20A4	https://dx.doi.org/10.1002/humu.22033
ANKRD20A8P	https://dx.doi.org/10.1002/humu.22033
ANKRD26P1	https://dx.doi.org/10.1002/humu.22033
ANKRD30A	https://dx.doi.org/10.1002/humu.22033
ANKRD30BL	https://dx.doi.org/10.1002/humu.22033
ANKRD30BP3	https://dx.doi.org/10.1002/humu.22033
ANKRD36	https://dx.doi.org/10.1002/humu.22033 NGSD_TUE
ANKRD36B	https://dx.doi.org/10.1002/humu.22033
ANKRD36BP1	https://dx.doi.org/10.1002/humu.22033
ANKRD36C	https://dx.doi.org/10.1002/humu.22033
ANTXRL	https://dx.doi.org/10.1002/humu.22033
ANXA2P1	https://dx.doi.org/10.1002/humu.22033
ANXA2P2	https://dx.doi.org/10.1002/humu.22033
AOX2P	https://dx.doi.org/10.1002/humu.22033
APOA2	https://dx.doi.org/10.1002/humu.22033
APOC1P1	https://dx.doi.org/10.1002/humu.22033
AQP7	https://dx.doi.org/10.1002/humu.22033
ATP5EP2	https://dx.doi.org/10.1002/humu.22033
ATP5G1P5	https://dx.doi.org/10.1002/humu.22033
AURKAPS1	https://dx.doi.org/10.1002/humu.22033
AZGP1P1	https://dx.doi.org/10.1002/humu.22033
BCLAF1	https://dx.doi.org/10.1002/humu.22033
BCORP1	https://dx.doi.org/10.1002/humu.22033
BCRP2	https://dx.doi.org/10.1002/humu.22033
BCRP3	https://dx.doi.org/10.1002/humu.22033
BDP1	https://dx.doi.org/10.1002/humu.22033
BMS1P4	https://dx.doi.org/10.1002/humu.22033
BOD1L2	https://dx.doi.org/10.1002/humu.22033
BRD7	https://dx.doi.org/10.1002/humu.22033
BRD7P3	https://dx.doi.org/10.1002/humu.22033
BTN2A3P	https://dx.doi.org/10.1002/humu.22033
BTNL2	https://dx.doi.org/10.1002/humu.22033
BZW1P2	https://dx.doi.org/10.1002/humu.22033
C1DP2	https://dx.doi.org/10.1002/humu.22033
C1DP3	https://dx.doi.org/10.1002/humu.22033
C1DP4	https://dx.doi.org/10.1002/humu.22033
C3P1	https://dx.doi.org/10.1002/humu.22033
C6ORF10	https://dx.doi.org/10.1002/humu.22033
CA5BP1	https://dx.doi.org/10.1002/humu.22033
CATSPER2P1	https://dx.doi.org/10.1002/humu.22033
CCBL2	https://dx.doi.org/10.1002/humu.22033
CCDC144NL	https://dx.doi.org/10.1002/humu.22033
CCDC163P	https://dx.doi.org/10.1002/humu.22033
CCDC168	NGSD_TUE
CCDC180	https://dx.doi.org/10.1002/humu.22033
CCHCR1	https://dx.doi.org/10.1002/humu.22033
CCT6P3	https://dx.doi.org/10.1002/humu.22033
CD99P1	https://dx.doi.org/10.1002/humu.22033
CDC27	https://dx.doi.org/10.1002/humu.22033
CDH23	NGSD_TUE
CDRT15P2	https://dx.doi.org/10.1002/humu.22033
CEACAM22P	https://dx.doi.org/10.1002/humu.22033
CELP	https://dx.doi.org/10.1002/humu.22033
CELSR1	https://dx.doi.org/10.1002/humu.22033
CELSR2	NGSD_TUE
CENPF	https://dx.doi.org/10.1002/humu.22033
CENPVP1	https://dx.doi.org/10.1002/humu.22033
CES1P2	https://dx.doi.org/10.1002/humu.22033
CETN4P	https://dx.doi.org/10.1002/humu.22033
CFL1P1	https://dx.doi.org/10.1002/humu.22033
CHMP1AP1	https://dx.doi.org/10.1002/humu.22033
CICP14	https://dx.doi.org/10.1002/humu.22033
CIDECP	https://dx.doi.org/10.1002/humu.22033
CLEC4GP1	https://dx.doi.org/10.1002/humu.22033
CLK2P1	https://dx.doi.org/10.1002/humu.22033
CMAHP	https://dx.doi.org/10.1002/humu.22033
CMYA5	https://dx.doi.org/10.1002/humu.22033
CNN2	https://dx.doi.org/10.1002/humu.22033
CPAMD8	https://dx.doi.org/10.1002/humu.22033
CRIPAK	https://dx.doi.org/10.1002/humu.22033 NGSD_TUE
CROCC	NGSD_TUE
CROCCP2	https://dx.doi.org/10.1002/humu.22033
CROCCP3	https://dx.doi.org/10.1002/humu.22033
CRYBB2P1	https://dx.doi.org/10.1002/humu.22033
CRYBG3	NGSD_TUE
CSN1S2AP	https://dx.doi.org/10.1002/humu.22033
CSN1S2BP	https://dx.doi.org/10.1002/humu.22033
CSNK1A1P1	https://dx.doi.org/10.1002/humu.22033
CSPG4	NGSD_TUE
CSPG4P1Y	https://dx.doi.org/10.1002/humu.22033
CST13P	https://dx.doi.org/10.1002/humu.22033
CTAGE10P	https://dx.doi.org/10.1002/humu.22033
CTAGE11P	https://dx.doi.org/10.1002/humu.22033
CTAGE3P	https://dx.doi.org/10.1002/humu.22033
CTBP2	https://dx.doi.org/10.1002/humu.22033
CTSL3P	https://dx.doi.org/10.1002/humu.22033
CTSLP2	https://dx.doi.org/10.1002/humu.22033
CTSLP8	https://dx.doi.org/10.1002/humu.22033
CUBN	https://dx.doi.org/10.1002/humu.22033
CXADRP2	https://dx.doi.org/10.1002/humu.22033
CXXC1P1	https://dx.doi.org/10.1002/humu.22033
CYCSP55	https://dx.doi.org/10.1002/humu.22033
CYMP	https://dx.doi.org/10.1002/humu.22033
CYP2D7	https://dx.doi.org/10.1002/humu.22033
CYP4F24P	https://dx.doi.org/10.1002/humu.22033
DAD1P1	https://dx.doi.org/10.1002/humu.22033
DCHS2	https://dx.doi.org/10.1002/humu.22033 NGSD_TUE
DDX12P	https://dx.doi.org/10.1002/humu.22033
DDX60L	https://dx.doi.org/10.1002/humu.22033
DEFA10P	https://dx.doi.org/10.1002/humu.22033
DEFT1P	https://dx.doi.org/10.1002/humu.22033
DEFT1P2	https://dx.doi.org/10.1002/humu.22033
DHX40P1	https://dx.doi.org/10.1002/humu.22033
DNAH1	NGSD_TUE
DNAH10	NGSD_TUE
DNAH11	https://dx.doi.org/10.1002/humu.22033 NGSD_TUE
DNAH12	NGSD_TUE
DNAH17	NGSD_TUE
DNAH2	NGSD_TUE
DNAH5	https://dx.doi.org/10.1002/humu.22033
DNAH7	NGSD_TUE
DNAJA1P5	https://dx.doi.org/10.1002/humu.22033
DNM1P46	https://dx.doi.org/10.1002/humu.22033
DOC2GP	https://dx.doi.org/10.1002/humu.22033
DPPA3P2	https://dx.doi.org/10.1002/humu.22033
DPRXP4	https://dx.doi.org/10.1002/humu.22033
DPY19L1P1	https://dx.doi.org/10.1002/humu.22033
DPY19L2P2	https://dx.doi.org/10.1002/humu.22033
DPY19L2P3	https://dx.doi.org/10.1002/humu.22033
DSPP	NGSD_TUE
DST	https://dx.doi.org/10.1002/humu.22033 NGSD_TUE
ECEL1P2	https://dx.doi.org/10.1002/humu.22033
EEF1A1P13	https://dx.doi.org/10.1002/humu.22033
EGFEM1P	https://dx.doi.org/10.1002/humu.22033
EMBP1	https://dx.doi.org/10.1002/humu.22033
ENSAP3	https://dx.doi.org/10.1002/humu.22033
EP400	https://dx.doi.org/10.1002/humu.22033 NGSD_TUE
EP400NL	https://dx.doi.org/10.1002/humu.22033
EPPK1	https://dx.doi.org/10.1002/humu.22033
ERICH6B	https://dx.doi.org/10.1002/humu.22033
FAM106CP	https://dx.doi.org/10.1002/humu.22033
FAM183BP	https://dx.doi.org/10.1002/humu.22033
FAM186A	NGSD_TUE
FAM205BP	https://dx.doi.org/10.1002/humu.22033
FAM45BP	https://dx.doi.org/10.1002/humu.22033
FAM86B1	https://dx.doi.org/10.1002/humu.22033
FAM86DP	https://dx.doi.org/10.1002/humu.22033
FAM8A1	https://dx.doi.org/10.1002/humu.22033
FAM90A25P	https://dx.doi.org/10.1002/humu.22033
FAM92A1P2	https://dx.doi.org/10.1002/humu.22033
FAT1	https://dx.doi.org/10.1002/humu.22033 NGSD_TUE
FAT2	https://dx.doi.org/10.1002/humu.22033 NGSD_TUE
FAT3	NGSD_TUE
FBLL1	https://dx.doi.org/10.1002/humu.22033
FBN3	https://dx.doi.org/10.1002/humu.22033 NGSD_TUE
FBXW4P1	https://dx.doi.org/10.1002/humu.22033
FCGBP	https://dx.doi.org/10.1002/humu.22033 NGSD_TUE
FKBP1A	https://dx.doi.org/10.1002/humu.22033
FKBP1AP3	https://dx.doi.org/10.1002/humu.22033
FKBP9P1	https://dx.doi.org/10.1002/humu.22033
FLG	https://dx.doi.org/10.1002/humu.22033 NGSD_TUE
FRG1	https://dx.doi.org/10.1002/humu.22033
FRG2B	https://dx.doi.org/10.1002/humu.22033
FRG2C	https://dx.doi.org/10.1002/humu.22033
FRMD8P1	https://dx.doi.org/10.1002/humu.22033
FRMPD2B	https://dx.doi.org/10.1002/humu.22033
FSIP2	NGSD_TUE
FTH1P13	https://dx.doi.org/10.1002/humu.22033
FTH1P15	https://dx.doi.org/10.1002/humu.22033
FTH1P16	https://dx.doi.org/10.1002/humu.22033
FTH1P2	https://dx.doi.org/10.1002/humu.22033
FTH1P20	https://dx.doi.org/10.1002/humu.22033
GABARAPL3	https://dx.doi.org/10.1002/humu.22033
GBAP1	https://dx.doi.org/10.1002/humu.22033
GBP1P1	https://dx.doi.org/10.1002/humu.22033
GGT3P	https://dx.doi.org/10.1002/humu.22033
GGTA1P	https://dx.doi.org/10.1002/humu.22033
GIMAP3P	https://dx.doi.org/10.1002/humu.22033
GK3P	https://dx.doi.org/10.1002/humu.22033
GLYCAM1	https://dx.doi.org/10.1002/humu.22033
GMPSP1	https://dx.doi.org/10.1002/humu.22033
GOLGA2P3Y	https://dx.doi.org/10.1002/humu.22033
GOLGA2P5	https://dx.doi.org/10.1002/humu.22033
GOLGA6L2	https://dx.doi.org/10.1002/humu.22033 NGSD_TUE
GOLGA6L22	NGSD_TUE
GOLGA6L5P	https://dx.doi.org/10.1002/humu.22033
GOLGA8DP	https://dx.doi.org/10.1002/humu.22033
GOLGA8EP	https://dx.doi.org/10.1002/humu.22033
GOLGA8F	https://dx.doi.org/10.1002/humu.22033
GOLGA8G	https://dx.doi.org/10.1002/humu.22033
GOLGA8H	NGSD_TUE
GPR165P	https://dx.doi.org/10.1002/humu.22033
GPRIN2	https://dx.doi.org/10.1002/humu.22033
GSTA6P	https://dx.doi.org/10.1002/humu.22033
GSTM2P1	https://dx.doi.org/10.1002/humu.22033
GSTM5P1	https://dx.doi.org/10.1002/humu.22033
GTF2H2B	https://dx.doi.org/10.1002/humu.22033
GTF2IP1	https://dx.doi.org/10.1002/humu.22033
GUCY1B2	https://dx.doi.org/10.1002/humu.22033
GUCY2EP	https://dx.doi.org/10.1002/humu.22033
GUCY2GP	https://dx.doi.org/10.1002/humu.22033
GUSBP1	https://dx.doi.org/10.1002/humu.22033
GUSBP2	https://dx.doi.org/10.1002/humu.22033
GUSBP3	https://dx.doi.org/10.1002/humu.22033
GUSBP4	https://dx.doi.org/10.1002/humu.22033
GXYLT1	https://dx.doi.org/10.1002/humu.22033
GYG1P1	https://dx.doi.org/10.1002/humu.22033
GYG1P2	https://dx.doi.org/10.1002/humu.22033
GYG1P3	https://dx.doi.org/10.1002/humu.22033
GYG2P1	https://dx.doi.org/10.1002/humu.22033
HBBP1	https://dx.doi.org/10.1002/humu.22033
HCG4	https://dx.doi.org/10.1002/humu.22033
HCP5B	https://dx.doi.org/10.1002/humu.22033
HERC2P2	https://dx.doi.org/10.1002/humu.22033
HERC2P3	https://dx.doi.org/10.1002/humu.22033
HERC2P7	https://dx.doi.org/10.1002/humu.22033
HLA-A	https://dx.doi.org/10.1002/humu.22033
HLA-B	https://dx.doi.org/10.1002/humu.22033
HLA-C	https://dx.doi.org/10.1002/humu.22033
HLA-DMB	https://dx.doi.org/10.1002/humu.22033
HLA-DOA	https://dx.doi.org/10.1002/humu.22033
HLA-DOB	https://dx.doi.org/10.1002/humu.22033
HLA-DPA1	https://dx.doi.org/10.1002/humu.22033
HLA-DPB1	https://dx.doi.org/10.1002/humu.22033
HLA-DPB2	https://dx.doi.org/10.1002/humu.22033
HLA-DQA1	https://dx.doi.org/10.1002/humu.22033
HLA-DQA2	https://dx.doi.org/10.1002/humu.22033
HLA-DQB1	https://dx.doi.org/10.1002/humu.22033
HLA-DQB2	https://dx.doi.org/10.1002/humu.22033
HLA-DRA	https://dx.doi.org/10.1002/humu.22033
HLA-DRB1	https://dx.doi.org/10.1002/humu.22033
HLA-DRB5	https://dx.doi.org/10.1002/humu.22033
HLA-G	https://dx.doi.org/10.1002/humu.22033
HLA-H	https://dx.doi.org/10.1002/humu.22033
HLA-L	https://dx.doi.org/10.1002/humu.22033
HMCN1	NGSD_TUE
HMCN2	NGSD_TUE
HMGA1P7	https://dx.doi.org/10.1002/humu.22033
HMGB3P1	https://dx.doi.org/10.1002/humu.22033
HMGN2P46	https://dx.doi.org/10.1002/humu.22033
HNRNPA3P1	https://dx.doi.org/10.1002/humu.22033
HNRNPCL1	https://dx.doi.org/10.1002/humu.22033
HRC	NGSD_TUE
HRNR	https://dx.doi.org/10.1002/humu.22033 NGSD_TUE
HSD3BP4	https://dx.doi.org/10.1002/humu.22033
HSP90AA4P	https://dx.doi.org/10.1002/humu.22033
HSP90AA6P	https://dx.doi.org/10.1002/humu.22033
HSP90AB3P	https://dx.doi.org/10.1002/humu.22033
HTR7P1	https://dx.doi.org/10.1002/humu.22033
HTT	NGSD_TUE
HYDIN	https://dx.doi.org/10.1002/humu.22033
ID2B	https://dx.doi.org/10.1002/humu.22033
IFNA22P	https://dx.doi.org/10.1002/humu.22033
IFNWP18	https://dx.doi.org/10.1002/humu.22033
IGBP1P1	https://dx.doi.org/10.1002/humu.22033
IGFN1	NGSD_TUE
IGHV7-81	https://dx.doi.org/10.1002/humu.22033
IGLL3P	https://dx.doi.org/10.1002/humu.22033
INTS4P1	https://dx.doi.org/10.1002/humu.22033
INTS4P2	https://dx.doi.org/10.1002/humu.22033
IP6K1	https://dx.doi.org/10.1002/humu.22033
IPMKP1	https://dx.doi.org/10.1002/humu.22033
ITGB1P1	https://dx.doi.org/10.1002/humu.22033
KCNJ12	https://dx.doi.org/10.1002/humu.22033
KIAA1683	https://dx.doi.org/10.1002/humu.22033
KIR3DL1	https://dx.doi.org/10.1002/humu.22033
KIR3DX1	https://dx.doi.org/10.1002/humu.22033
KLRA1P	https://dx.doi.org/10.1002/humu.22033
KRT16P2	https://dx.doi.org/10.1002/humu.22033
KRT16P3	https://dx.doi.org/10.1002/humu.22033
KRT19P2	https://dx.doi.org/10.1002/humu.22033
KRT42P	https://dx.doi.org/10.1002/humu.22033
KRT8P41	https://dx.doi.org/10.1002/humu.22033
KRTAP10-10	https://dx.doi.org/10.1002/humu.22033
KRTAP5-5	NGSD_TUE
LAMA5	https://dx.doi.org/10.1002/humu.22033 NGSD_TUE
LILRA2	NGSD_TUE
LILRB1	https://dx.doi.org/10.1002/humu.22033
LILRB2	NGSD_TUE
LILRB3	https://dx.doi.org/10.1002/humu.22033
LPAL2	https://dx.doi.org/10.1002/humu.22033
LRRC37A4P	https://dx.doi.org/10.1002/humu.22033
LRRC37BP1	https://dx.doi.org/10.1002/humu.22033
LY6G6E	https://dx.doi.org/10.1002/humu.22033
LYPLA2P1	https://dx.doi.org/10.1002/humu.22033
MAGEC1	https://dx.doi.org/10.1002/humu.22033 NGSD_TUE
MAP2K3	https://dx.doi.org/10.1002/humu.22033
MBL1P	https://dx.doi.org/10.1002/humu.22033
MCTS1	https://dx.doi.org/10.1002/humu.22033
MCTS2P	https://dx.doi.org/10.1002/humu.22033
MDN1	https://dx.doi.org/10.1002/humu.22033 NGSD_TUE
MEIS3	https://dx.doi.org/10.1002/humu.22033
MEIS3P1	https://dx.doi.org/10.1002/humu.22033
MICA	https://dx.doi.org/10.1002/humu.22033
MKI67	https://dx.doi.org/10.1002/humu.22033 NGSD_TUE
MKRN9P	https://dx.doi.org/10.1002/humu.22033
MOCS1P1	https://dx.doi.org/10.1002/humu.22033
MORF4	https://dx.doi.org/10.1002/humu.22033
MOXD2P	https://dx.doi.org/10.1002/humu.22033
MROH5	https://dx.doi.org/10.1002/humu.22033
MRPL42P5	https://dx.doi.org/10.1002/humu.22033
MRPL45P2	https://dx.doi.org/10.1002/humu.22033
MRS2P2	https://dx.doi.org/10.1002/humu.22033
MSL3P1	https://dx.doi.org/10.1002/humu.22033
MST1	https://dx.doi.org/10.1002/humu.22033
MST1L	https://dx.doi.org/10.1002/humu.22033
MT1DP	https://dx.doi.org/10.1002/humu.22033
MT1JP	https://dx.doi.org/10.1002/humu.22033
MT1L	https://dx.doi.org/10.1002/humu.22033
MTMR9LP	https://dx.doi.org/10.1002/humu.22033
MTRNR2L11	https://dx.doi.org/10.1002/humu.22033
MTRNR2L12	https://dx.doi.org/10.1002/humu.22033
MTRNR2L13	https://dx.doi.org/10.1002/humu.22033
MUC12	https://dx.doi.org/10.1002/humu.22033 NGSD_TUE
MUC13	https://dx.doi.org/10.1002/humu.22033
MUC15	https://dx.doi.org/10.1002/humu.22033
MUC16	https://dx.doi.org/10.1002/humu.22033 NGSD_TUE
MUC17	https://dx.doi.org/10.1002/humu.22033 NGSD_TUE
MUC19	NGSD_TUE
MUC2	https://dx.doi.org/10.1002/humu.22033 NGSD_TUE
MUC20	https://dx.doi.org/10.1002/humu.22033
MUC21	https://dx.doi.org/10.1002/humu.22033 NGSD_TUE
MUC22	NGSD_TUE
MUC3A	https://dx.doi.org/10.1002/humu.22033 NGSD_TUE
MUC3B	https://dx.doi.org/10.1002/humu.22033
MUC4	https://dx.doi.org/10.1002/humu.22033 NGSD_TUE
MUC5AC	https://dx.doi.org/10.1002/humu.22033 NGSD_TUE
MUC5B	https://dx.doi.org/10.1002/humu.22033 NGSD_TUE
MUC6	https://dx.doi.org/10.1002/humu.22033 NGSD_TUE
MUC7	https://dx.doi.org/10.1002/humu.22033
MYADML	https://dx.doi.org/10.1002/humu.22033
MYO15B	https://dx.doi.org/10.1002/humu.22033 NGSD_TUE
NAP1L6	https://dx.doi.org/10.1002/humu.22033
NBEAP1	https://dx.doi.org/10.1002/humu.22033
NBPF1	https://dx.doi.org/10.1002/humu.22033
NBPF10	https://dx.doi.org/10.1002/humu.22033 NGSD_TUE
NBPF12	https://dx.doi.org/10.1002/humu.22033
NBPF14	https://dx.doi.org/10.1002/humu.22033
NBPF15	https://dx.doi.org/10.1002/humu.22033
NBPF20	https://dx.doi.org/10.1002/humu.22033
NBPF22P	https://dx.doi.org/10.1002/humu.22033
NBPF3	https://dx.doi.org/10.1002/humu.22033
NBPF8	NGSD_TUE
NBPF9	NGSD_TUE
NCOR1P1	https://dx.doi.org/10.1002/humu.22033
NEB	https://dx.doi.org/10.1002/humu.22033 NGSD_TUE
NKAPP1	https://dx.doi.org/10.1002/humu.22033
NLRP1	https://dx.doi.org/10.1002/humu.22033
NLRP3P	https://dx.doi.org/10.1002/humu.22033
NPIPA1	https://dx.doi.org/10.1002/humu.22033
NPIPB11	NGSD_TUE
NPIPB3	https://dx.doi.org/10.1002/humu.22033
NPIPB4	NGSD_TUE
NPM1P1	https://dx.doi.org/10.1002/humu.22033
NPY6R	https://dx.doi.org/10.1002/humu.22033
NRADDP	https://dx.doi.org/10.1002/humu.22033
NRAP	https://dx.doi.org/10.1002/humu.22033
NSUN5P1	https://dx.doi.org/10.1002/humu.22033
NSUN5P2	https://dx.doi.org/10.1002/humu.22033
NUDT16P1	https://dx.doi.org/10.1002/humu.22033
NUDT4P1	https://dx.doi.org/10.1002/humu.22033
NUDT4P2	https://dx.doi.org/10.1002/humu.22033
NUP210P1	https://dx.doi.org/10.1002/humu.22033
NUS1P3	https://dx.doi.org/10.1002/humu.22033
NXF4	https://dx.doi.org/10.1002/humu.22033
OBP2A	https://dx.doi.org/10.1002/humu.22033
OBSCN	https://dx.doi.org/10.1002/humu.22033 NGSD_TUE
OR10A2	https://dx.doi.org/10.1002/humu.22033
OR10A3	https://dx.doi.org/10.1002/humu.22033
OR10A4	https://dx.doi.org/10.1002/humu.22033
OR10A5	https://dx.doi.org/10.1002/humu.22033
OR10A6	https://dx.doi.org/10.1002/humu.22033
OR10A7	https://dx.doi.org/10.1002/humu.22033
OR10AD1	https://dx.doi.org/10.1002/humu.22033
OR10AG1	https://dx.doi.org/10.1002/humu.22033
OR10C1	https://dx.doi.org/10.1002/humu.22033
OR10G2	https://dx.doi.org/10.1002/humu.22033
OR10G3	https://dx.doi.org/10.1002/humu.22033
OR10G4	https://dx.doi.org/10.1002/humu.22033
OR10G7	https://dx.doi.org/10.1002/humu.22033
OR10G8	https://dx.doi.org/10.1002/humu.22033
OR10G9	https://dx.doi.org/10.1002/humu.22033
OR10H1	https://dx.doi.org/10.1002/humu.22033
OR10H2	https://dx.doi.org/10.1002/humu.22033
OR10H3	https://dx.doi.org/10.1002/humu.22033
OR10H4	https://dx.doi.org/10.1002/humu.22033
OR10H5	https://dx.doi.org/10.1002/humu.22033
OR10J1	https://dx.doi.org/10.1002/humu.22033
OR10J3	https://dx.doi.org/10.1002/humu.22033
OR10J5	https://dx.doi.org/10.1002/humu.22033
OR10K1	https://dx.doi.org/10.1002/humu.22033
OR10K2	https://dx.doi.org/10.1002/humu.22033
OR10P1	https://dx.doi.org/10.1002/humu.22033
OR10Q1	https://dx.doi.org/10.1002/humu.22033
OR10R2	https://dx.doi.org/10.1002/humu.22033
OR10S1	https://dx.doi.org/10.1002/humu.22033
OR10T2	https://dx.doi.org/10.1002/humu.22033
OR10V1	https://dx.doi.org/10.1002/humu.22033
OR10W1	https://dx.doi.org/10.1002/humu.22033
OR10X1	https://dx.doi.org/10.1002/humu.22033
OR10Z1	https://dx.doi.org/10.1002/humu.22033
OR11A1	https://dx.doi.org/10.1002/humu.22033
OR11G2	https://dx.doi.org/10.1002/humu.22033
OR11H1	https://dx.doi.org/10.1002/humu.22033
OR11H12	https://dx.doi.org/10.1002/humu.22033
OR11H4	https://dx.doi.org/10.1002/humu.22033
OR11H6	https://dx.doi.org/10.1002/humu.22033
OR11L1	https://dx.doi.org/10.1002/humu.22033
OR12D2	https://dx.doi.org/10.1002/humu.22033
OR12D3	https://dx.doi.org/10.1002/humu.22033
OR13A1	https://dx.doi.org/10.1002/humu.22033
OR13C2	https://dx.doi.org/10.1002/humu.22033
OR13C3	https://dx.doi.org/10.1002/humu.22033
OR13C4	https://dx.doi.org/10.1002/humu.22033
OR13C5	https://dx.doi.org/10.1002/humu.22033
OR13C8	https://dx.doi.org/10.1002/humu.22033
OR13C9	https://dx.doi.org/10.1002/humu.22033
OR13D1	https://dx.doi.org/10.1002/humu.22033
OR13F1	https://dx.doi.org/10.1002/humu.22033
OR13G1	https://dx.doi.org/10.1002/humu.22033
OR13H1	https://dx.doi.org/10.1002/humu.22033
OR13J1	https://dx.doi.org/10.1002/humu.22033
OR14A16	https://dx.doi.org/10.1002/humu.22033
OR14C36	https://dx.doi.org/10.1002/humu.22033
OR14I1	https://dx.doi.org/10.1002/humu.22033
OR14J1	https://dx.doi.org/10.1002/humu.22033
OR14K1	https://dx.doi.org/10.1002/humu.22033
OR1A1	https://dx.doi.org/10.1002/humu.22033
OR1A2	https://dx.doi.org/10.1002/humu.22033
OR1B1	https://dx.doi.org/10.1002/humu.22033
OR1C1	https://dx.doi.org/10.1002/humu.22033
OR1D2	https://dx.doi.org/10.1002/humu.22033
OR1D4	https://dx.doi.org/10.1002/humu.22033
OR1E1	https://dx.doi.org/10.1002/humu.22033
OR1E2	https://dx.doi.org/10.1002/humu.22033
OR1F1	https://dx.doi.org/10.1002/humu.22033
OR1F2P	https://dx.doi.org/10.1002/humu.22033
OR1G1	https://dx.doi.org/10.1002/humu.22033
OR1J1	https://dx.doi.org/10.1002/humu.22033
OR1J2	https://dx.doi.org/10.1002/humu.22033
OR1J4	https://dx.doi.org/10.1002/humu.22033
OR1K1	https://dx.doi.org/10.1002/humu.22033
OR1L1	https://dx.doi.org/10.1002/humu.22033
OR1L3	https://dx.doi.org/10.1002/humu.22033
OR1L4	https://dx.doi.org/10.1002/humu.22033
OR1L6	https://dx.doi.org/10.1002/humu.22033
OR1L8	https://dx.doi.org/10.1002/humu.22033
OR1M1	https://dx.doi.org/10.1002/humu.22033
OR1N1	https://dx.doi.org/10.1002/humu.22033
OR1N2	https://dx.doi.org/10.1002/humu.22033
OR1Q1	https://dx.doi.org/10.1002/humu.22033
OR1S1	https://dx.doi.org/10.1002/humu.22033
OR1S2	https://dx.doi.org/10.1002/humu.22033
OR2A1	https://dx.doi.org/10.1002/humu.22033
OR2A12	https://dx.doi.org/10.1002/humu.22033
OR2A14	https://dx.doi.org/10.1002/humu.22033
OR2A2	https://dx.doi.org/10.1002/humu.22033
OR2A25	https://dx.doi.org/10.1002/humu.22033
OR2A4	https://dx.doi.org/10.1002/humu.22033
OR2A42	https://dx.doi.org/10.1002/humu.22033
OR2A5	https://dx.doi.org/10.1002/humu.22033
OR2A7	https://dx.doi.org/10.1002/humu.22033
OR2A9P	https://dx.doi.org/10.1002/humu.22033
OR2AE1	https://dx.doi.org/10.1002/humu.22033
OR2AG1	https://dx.doi.org/10.1002/humu.22033
OR2AG2	https://dx.doi.org/10.1002/humu.22033
OR2AK2	https://dx.doi.org/10.1002/humu.22033
OR2B11	https://dx.doi.org/10.1002/humu.22033
OR2B2	https://dx.doi.org/10.1002/humu.22033
OR2B3	https://dx.doi.org/10.1002/humu.22033
OR2B6	https://dx.doi.org/10.1002/humu.22033
OR2C1	https://dx.doi.org/10.1002/humu.22033
OR2C3	https://dx.doi.org/10.1002/humu.22033
OR2D2	https://dx.doi.org/10.1002/humu.22033
OR2D3	https://dx.doi.org/10.1002/humu.22033
OR2F1	https://dx.doi.org/10.1002/humu.22033
OR2F2	https://dx.doi.org/10.1002/humu.22033
OR2G2	https://dx.doi.org/10.1002/humu.22033
OR2G3	https://dx.doi.org/10.1002/humu.22033
OR2G6	https://dx.doi.org/10.1002/humu.22033
OR2H1	https://dx.doi.org/10.1002/humu.22033
OR2H2	https://dx.doi.org/10.1002/humu.22033
OR2J2	https://dx.doi.org/10.1002/humu.22033
OR2J3	https://dx.doi.org/10.1002/humu.22033
OR2K2	https://dx.doi.org/10.1002/humu.22033
OR2L13	https://dx.doi.org/10.1002/humu.22033
OR2L1P	https://dx.doi.org/10.1002/humu.22033
OR2L2	https://dx.doi.org/10.1002/humu.22033
OR2L3	https://dx.doi.org/10.1002/humu.22033
OR2L8	https://dx.doi.org/10.1002/humu.22033
OR2M1P	https://dx.doi.org/10.1002/humu.22033
OR2M2	https://dx.doi.org/10.1002/humu.22033
OR2M3	https://dx.doi.org/10.1002/humu.22033
OR2M4	https://dx.doi.org/10.1002/humu.22033
OR2M5	https://dx.doi.org/10.1002/humu.22033
OR2M7	https://dx.doi.org/10.1002/humu.22033
OR2S2	https://dx.doi.org/10.1002/humu.22033
OR2T1	https://dx.doi.org/10.1002/humu.22033
OR2T10	https://dx.doi.org/10.1002/humu.22033
OR2T11	https://dx.doi.org/10.1002/humu.22033
OR2T12	https://dx.doi.org/10.1002/humu.22033
OR2T2	https://dx.doi.org/10.1002/humu.22033
OR2T27	https://dx.doi.org/10.1002/humu.22033
OR2T29	https://dx.doi.org/10.1002/humu.22033
OR2T3	https://dx.doi.org/10.1002/humu.22033
OR2T33	https://dx.doi.org/10.1002/humu.22033
OR2T34	https://dx.doi.org/10.1002/humu.22033
OR2T35	https://dx.doi.org/10.1002/humu.22033
OR2T4	https://dx.doi.org/10.1002/humu.22033
OR2T5	https://dx.doi.org/10.1002/humu.22033
OR2T6	https://dx.doi.org/10.1002/humu.22033
OR2T8	https://dx.doi.org/10.1002/humu.22033
OR2V1	https://dx.doi.org/10.1002/humu.22033
OR2W1	https://dx.doi.org/10.1002/humu.22033
OR2W3	https://dx.doi.org/10.1002/humu.22033
OR2W5	https://dx.doi.org/10.1002/humu.22033
OR2Y1	https://dx.doi.org/10.1002/humu.22033
OR2Z1	https://dx.doi.org/10.1002/humu.22033
OR3A1	https://dx.doi.org/10.1002/humu.22033
OR3A2	https://dx.doi.org/10.1002/humu.22033
OR3A3	https://dx.doi.org/10.1002/humu.22033
OR3A4P	https://dx.doi.org/10.1002/humu.22033
OR3A5P	https://dx.doi.org/10.1002/humu.22033
OR4A15	https://dx.doi.org/10.1002/humu.22033
OR4A16	https://dx.doi.org/10.1002/humu.22033 NGSD_TUE
OR4A47	https://dx.doi.org/10.1002/humu.22033
OR4A5	https://dx.doi.org/10.1002/humu.22033
OR4B1	https://dx.doi.org/10.1002/humu.22033
OR4C11	https://dx.doi.org/10.1002/humu.22033
OR4C12	https://dx.doi.org/10.1002/humu.22033
OR4C13	https://dx.doi.org/10.1002/humu.22033
OR4C15	https://dx.doi.org/10.1002/humu.22033
OR4C16	https://dx.doi.org/10.1002/humu.22033
OR4C3	https://dx.doi.org/10.1002/humu.22033
OR4C45	https://dx.doi.org/10.1002/humu.22033
OR4C46	https://dx.doi.org/10.1002/humu.22033
OR4C6	https://dx.doi.org/10.1002/humu.22033
OR4D1	https://dx.doi.org/10.1002/humu.22033
OR4D10	https://dx.doi.org/10.1002/humu.22033
OR4D11	https://dx.doi.org/10.1002/humu.22033
OR4D2	https://dx.doi.org/10.1002/humu.22033
OR4D5	https://dx.doi.org/10.1002/humu.22033
OR4D6	https://dx.doi.org/10.1002/humu.22033
OR4D9	https://dx.doi.org/10.1002/humu.22033
OR4E2	https://dx.doi.org/10.1002/humu.22033
OR4F15	https://dx.doi.org/10.1002/humu.22033
OR4F16	https://dx.doi.org/10.1002/humu.22033
OR4F17	https://dx.doi.org/10.1002/humu.22033
OR4F21	https://dx.doi.org/10.1002/humu.22033
OR4F4	https://dx.doi.org/10.1002/humu.22033
OR4F5	https://dx.doi.org/10.1002/humu.22033
OR4F6	https://dx.doi.org/10.1002/humu.22033
OR4K1	https://dx.doi.org/10.1002/humu.22033
OR4K13	https://dx.doi.org/10.1002/humu.22033
OR4K14	https://dx.doi.org/10.1002/humu.22033
OR4K15	https://dx.doi.org/10.1002/humu.22033
OR4K17	https://dx.doi.org/10.1002/humu.22033
OR4K2	https://dx.doi.org/10.1002/humu.22033
OR4K5	https://dx.doi.org/10.1002/humu.22033
OR4L1	https://dx.doi.org/10.1002/humu.22033
OR4M1	https://dx.doi.org/10.1002/humu.22033
OR4M2	https://dx.doi.org/10.1002/humu.22033
OR4N2	https://dx.doi.org/10.1002/humu.22033
OR4N3P	https://dx.doi.org/10.1002/humu.22033
OR4N4	https://dx.doi.org/10.1002/humu.22033
OR4N5	https://dx.doi.org/10.1002/humu.22033
OR4P4	https://dx.doi.org/10.1002/humu.22033
OR4Q3	https://dx.doi.org/10.1002/humu.22033
OR4S1	https://dx.doi.org/10.1002/humu.22033
OR4S2	https://dx.doi.org/10.1002/humu.22033
OR4X1	https://dx.doi.org/10.1002/humu.22033
OR4X2	https://dx.doi.org/10.1002/humu.22033
OR51B2	https://dx.doi.org/10.1002/humu.22033
OR51B4	https://dx.doi.org/10.1002/humu.22033
OR51B5	https://dx.doi.org/10.1002/humu.22033
OR51B6	https://dx.doi.org/10.1002/humu.22033
OR51D1	https://dx.doi.org/10.1002/humu.22033
OR51E1	https://dx.doi.org/10.1002/humu.22033
OR51F1	https://dx.doi.org/10.1002/humu.22033
OR51G1	https://dx.doi.org/10.1002/humu.22033
OR51I1	https://dx.doi.org/10.1002/humu.22033
OR51J1	https://dx.doi.org/10.1002/humu.22033
OR51L1	https://dx.doi.org/10.1002/humu.22033
OR51M1	https://dx.doi.org/10.1002/humu.22033
OR51Q1	https://dx.doi.org/10.1002/humu.22033
OR51S1	https://dx.doi.org/10.1002/humu.22033
OR51T1	https://dx.doi.org/10.1002/humu.22033
OR51V1	https://dx.doi.org/10.1002/humu.22033
OR52H1	https://dx.doi.org/10.1002/humu.22033
OR52I1	https://dx.doi.org/10.1002/humu.22033
OR52I2	https://dx.doi.org/10.1002/humu.22033
OR5A1	https://dx.doi.org/10.1002/humu.22033
OR5A2	https://dx.doi.org/10.1002/humu.22033
OR5AC2	https://dx.doi.org/10.1002/humu.22033
OR5AK2	https://dx.doi.org/10.1002/humu.22033
OR5AN1	https://dx.doi.org/10.1002/humu.22033
OR5AP2	https://dx.doi.org/10.1002/humu.22033
OR5AR1	https://dx.doi.org/10.1002/humu.22033
OR5AS1	https://dx.doi.org/10.1002/humu.22033
OR5AU1	https://dx.doi.org/10.1002/humu.22033
OR5B12	https://dx.doi.org/10.1002/humu.22033
OR5B17	https://dx.doi.org/10.1002/humu.22033
OR5B2	https://dx.doi.org/10.1002/humu.22033
OR5B21	https://dx.doi.org/10.1002/humu.22033
OR5B3	https://dx.doi.org/10.1002/humu.22033
OR5C1	https://dx.doi.org/10.1002/humu.22033
OR5D13	https://dx.doi.org/10.1002/humu.22033
OR5D14	https://dx.doi.org/10.1002/humu.22033
OR5D16	https://dx.doi.org/10.1002/humu.22033
OR5D18	https://dx.doi.org/10.1002/humu.22033
OR5E1P	https://dx.doi.org/10.1002/humu.22033
OR5F1	https://dx.doi.org/10.1002/humu.22033
OR5H1	https://dx.doi.org/10.1002/humu.22033
OR5H14	https://dx.doi.org/10.1002/humu.22033
OR5H15	https://dx.doi.org/10.1002/humu.22033
OR5H2	https://dx.doi.org/10.1002/humu.22033
OR5H6	https://dx.doi.org/10.1002/humu.22033
OR5I1	https://dx.doi.org/10.1002/humu.22033
OR5J2	https://dx.doi.org/10.1002/humu.22033
OR5K1	https://dx.doi.org/10.1002/humu.22033
OR5K2	https://dx.doi.org/10.1002/humu.22033
OR5K3	https://dx.doi.org/10.1002/humu.22033
OR5K4	https://dx.doi.org/10.1002/humu.22033
OR5L1	https://dx.doi.org/10.1002/humu.22033
OR5L2	https://dx.doi.org/10.1002/humu.22033
OR5M1	https://dx.doi.org/10.1002/humu.22033
OR5M10	https://dx.doi.org/10.1002/humu.22033
OR5M11	https://dx.doi.org/10.1002/humu.22033
OR5M3	https://dx.doi.org/10.1002/humu.22033
OR5M8	https://dx.doi.org/10.1002/humu.22033
OR5M9	https://dx.doi.org/10.1002/humu.22033
OR5P2	https://dx.doi.org/10.1002/humu.22033
OR5P3	https://dx.doi.org/10.1002/humu.22033
OR5R1	https://dx.doi.org/10.1002/humu.22033
OR5T1	https://dx.doi.org/10.1002/humu.22033
OR5T2	https://dx.doi.org/10.1002/humu.22033
OR5T3	https://dx.doi.org/10.1002/humu.22033
OR5V1	https://dx.doi.org/10.1002/humu.22033
OR5W2	https://dx.doi.org/10.1002/humu.22033
OR6A2	https://dx.doi.org/10.1002/humu.22033
OR6B1	https://dx.doi.org/10.1002/humu.22033
OR6B2	https://dx.doi.org/10.1002/humu.22033
OR6B3	https://dx.doi.org/10.1002/humu.22033
OR6C1	https://dx.doi.org/10.1002/humu.22033
OR6C2	https://dx.doi.org/10.1002/humu.22033
OR6C3	https://dx.doi.org/10.1002/humu.22033
OR6C4	https://dx.doi.org/10.1002/humu.22033
OR6C6	https://dx.doi.org/10.1002/humu.22033
OR6C65	https://dx.doi.org/10.1002/humu.22033
OR6C68	https://dx.doi.org/10.1002/humu.22033
OR6C74	https://dx.doi.org/10.1002/humu.22033
OR6C75	https://dx.doi.org/10.1002/humu.22033
OR6C76	https://dx.doi.org/10.1002/humu.22033
OR6F1	https://dx.doi.org/10.1002/humu.22033
OR6K2	https://dx.doi.org/10.1002/humu.22033
OR6K3	https://dx.doi.org/10.1002/humu.22033
OR6K6	https://dx.doi.org/10.1002/humu.22033
OR6M1	https://dx.doi.org/10.1002/humu.22033
OR6N1	https://dx.doi.org/10.1002/humu.22033
OR6N2	https://dx.doi.org/10.1002/humu.22033
OR6Q1	https://dx.doi.org/10.1002/humu.22033
OR6S1	https://dx.doi.org/10.1002/humu.22033
OR6T1	https://dx.doi.org/10.1002/humu.22033
OR6V1	https://dx.doi.org/10.1002/humu.22033
OR6W1P	https://dx.doi.org/10.1002/humu.22033
OR6X1	https://dx.doi.org/10.1002/humu.22033
OR6Y1	https://dx.doi.org/10.1002/humu.22033
OR7A10	https://dx.doi.org/10.1002/humu.22033
OR7A17	https://dx.doi.org/10.1002/humu.22033
OR7A5	https://dx.doi.org/10.1002/humu.22033
OR7C1	https://dx.doi.org/10.1002/humu.22033
OR7C2	https://dx.doi.org/10.1002/humu.22033
OR7D2	https://dx.doi.org/10.1002/humu.22033
OR7D4	https://dx.doi.org/10.1002/humu.22033
OR7E156P	https://dx.doi.org/10.1002/humu.22033
OR7E24	https://dx.doi.org/10.1002/humu.22033
OR7E37P	https://dx.doi.org/10.1002/humu.22033
OR7E5P	https://dx.doi.org/10.1002/humu.22033
OR7E91P	https://dx.doi.org/10.1002/humu.22033
OR7G1	https://dx.doi.org/10.1002/humu.22033
OR7G2	https://dx.doi.org/10.1002/humu.22033
OR7G3	https://dx.doi.org/10.1002/humu.22033
OR8A1	https://dx.doi.org/10.1002/humu.22033
OR8B12	https://dx.doi.org/10.1002/humu.22033
OR8B2	https://dx.doi.org/10.1002/humu.22033
OR8B3	https://dx.doi.org/10.1002/humu.22033
OR8B4	https://dx.doi.org/10.1002/humu.22033
OR8B8	https://dx.doi.org/10.1002/humu.22033
OR8D1	https://dx.doi.org/10.1002/humu.22033
OR8D2	https://dx.doi.org/10.1002/humu.22033
OR8D4	https://dx.doi.org/10.1002/humu.22033
OR8G1	https://dx.doi.org/10.1002/humu.22033
OR8G2	https://dx.doi.org/10.1002/humu.22033
OR8H1	https://dx.doi.org/10.1002/humu.22033
OR8H2	https://dx.doi.org/10.1002/humu.22033
OR8H3	https://dx.doi.org/10.1002/humu.22033
OR8I2	https://dx.doi.org/10.1002/humu.22033
OR8J1	https://dx.doi.org/10.1002/humu.22033
OR8J3	https://dx.doi.org/10.1002/humu.22033
OR8K1	https://dx.doi.org/10.1002/humu.22033
OR8K3	https://dx.doi.org/10.1002/humu.22033
OR8K5	https://dx.doi.org/10.1002/humu.22033
OR8S1	https://dx.doi.org/10.1002/humu.22033
OR8U8	https://dx.doi.org/10.1002/humu.22033
OR9A2	https://dx.doi.org/10.1002/humu.22033
OR9A4	https://dx.doi.org/10.1002/humu.22033
OR9G4	https://dx.doi.org/10.1002/humu.22033
OR9G9	https://dx.doi.org/10.1002/humu.22033
OR9I1	https://dx.doi.org/10.1002/humu.22033
OR9Q1	https://dx.doi.org/10.1002/humu.22033
OR9Q2	https://dx.doi.org/10.1002/humu.22033
OSTCP1	https://dx.doi.org/10.1002/humu.22033
OVGP1	https://dx.doi.org/10.1002/humu.22033
PABPC1	https://dx.doi.org/10.1002/humu.22033
PABPC3	https://dx.doi.org/10.1002/humu.22033
PAGE3	https://dx.doi.org/10.1002/humu.22033
PARP4	https://dx.doi.org/10.1002/humu.22033
PCDHB19P	https://dx.doi.org/10.1002/humu.22033
PCMTD1	https://dx.doi.org/10.1002/humu.22033
PCNAP1	https://dx.doi.org/10.1002/humu.22033
PCNAP2	https://dx.doi.org/10.1002/humu.22033
PDE4DIP	https://dx.doi.org/10.1002/humu.22033 NGSD_TUE
PFN1P2	https://dx.doi.org/10.1002/humu.22033
PGCP1	https://dx.doi.org/10.1002/humu.22033
PGM5P2	https://dx.doi.org/10.1002/humu.22033
PI4KAP2	https://dx.doi.org/10.1002/humu.22033
PIEZO1	NGSD_TUE
PIN1P1	https://dx.doi.org/10.1002/humu.22033
PIP5K1P1	https://dx.doi.org/10.1002/humu.22033
PIP5K1P2	https://dx.doi.org/10.1002/humu.22033
PIPSL	https://dx.doi.org/10.1002/humu.22033
PKD1	NGSD_TUE
PKD1L1	https://dx.doi.org/10.1002/humu.22033
PKD1L2	https://dx.doi.org/10.1002/humu.22033 NGSD_TUE
PKD1P1	https://dx.doi.org/10.1002/humu.22033
PKHD1L1	NGSD_TUE
PLEC	https://dx.doi.org/10.1002/humu.22033 NGSD_TUE
PLEKHA8P1	https://dx.doi.org/10.1002/humu.22033
PLEKHM1P1	https://dx.doi.org/10.1002/humu.22033
PLIN4	https://dx.doi.org/10.1002/humu.22033 NGSD_TUE
PLK5	https://dx.doi.org/10.1002/humu.22033
PMCHL1	https://dx.doi.org/10.1002/humu.22033
PMCHL2	https://dx.doi.org/10.1002/humu.22033
PMS2P11	https://dx.doi.org/10.1002/humu.22033
PMS2P3	https://dx.doi.org/10.1002/humu.22033
PMS2P5	https://dx.doi.org/10.1002/humu.22033
POLR3KP2	https://dx.doi.org/10.1002/humu.22033
POM121L10P	https://dx.doi.org/10.1002/humu.22033
POM121L9P	https://dx.doi.org/10.1002/humu.22033
POTEB	https://dx.doi.org/10.1002/humu.22033
POTEC	https://dx.doi.org/10.1002/humu.22033
POTEE	NGSD_TUE
POTEG	https://dx.doi.org/10.1002/humu.22033
POTEKP	https://dx.doi.org/10.1002/humu.22033
POU5F1P3	https://dx.doi.org/10.1002/humu.22033
POU5F1P4	https://dx.doi.org/10.1002/humu.22033
PPBPP1	https://dx.doi.org/10.1002/humu.22033
PPBPP2	https://dx.doi.org/10.1002/humu.22033
PPIEL	https://dx.doi.org/10.1002/humu.22033
PPP1R2P3	https://dx.doi.org/10.1002/humu.22033
PPP4R1L	https://dx.doi.org/10.1002/humu.22033
PRAMEF1	https://dx.doi.org/10.1002/humu.22033 NGSD_TUE
PRAMEF10	https://dx.doi.org/10.1002/humu.22033 NGSD_TUE
PRAMEF18	https://dx.doi.org/10.1002/humu.22033
PRAMEF2	https://dx.doi.org/10.1002/humu.22033 NGSD_TUE
PRAMEF33P	NGSD_TUE
PRAMEF4	https://dx.doi.org/10.1002/humu.22033 NGSD_TUE
PRAMEF6	https://dx.doi.org/10.1002/humu.22033
PRB1	https://dx.doi.org/10.1002/humu.22033
PRB2	NGSD_TUE
PRIM2	https://dx.doi.org/10.1002/humu.22033
PRORSD1P	https://dx.doi.org/10.1002/humu.22033
PRSS30P	https://dx.doi.org/10.1002/humu.22033
PRSS3P2	https://dx.doi.org/10.1002/humu.22033
PRUNE2	https://dx.doi.org/10.1002/humu.22033
PSG1	https://dx.doi.org/10.1002/humu.22033
PSG10P	https://dx.doi.org/10.1002/humu.22033
PSG11	https://dx.doi.org/10.1002/humu.22033
PSG2	https://dx.doi.org/10.1002/humu.22033
PSG3	https://dx.doi.org/10.1002/humu.22033
PSG4	https://dx.doi.org/10.1002/humu.22033
PSG5	https://dx.doi.org/10.1002/humu.22033
PSG6	https://dx.doi.org/10.1002/humu.22033
PSG7	https://dx.doi.org/10.1002/humu.22033
PSG8	https://dx.doi.org/10.1002/humu.22033
PSG9	https://dx.doi.org/10.1002/humu.22033
PSMC1P4	https://dx.doi.org/10.1002/humu.22033
PSMD5	https://dx.doi.org/10.1002/humu.22033
PTBP1P	https://dx.doi.org/10.1002/humu.22033
PTENP1	https://dx.doi.org/10.1002/humu.22033
PTH2	https://dx.doi.org/10.1002/humu.22033
PTPRVP	https://dx.doi.org/10.1002/humu.22033
QRICH2	https://dx.doi.org/10.1002/humu.22033
RAB9BP1	https://dx.doi.org/10.1002/humu.22033
RACGAP1P	https://dx.doi.org/10.1002/humu.22033
RBMX	https://dx.doi.org/10.1002/humu.22033
REREP3	https://dx.doi.org/10.1002/humu.22033
REXO1L2P	https://dx.doi.org/10.1002/humu.22033
RGPD4	NGSD_TUE
RNF213	NGSD_TUE
RNF216P1	https://dx.doi.org/10.1002/humu.22033
RNU12	https://dx.doi.org/10.1002/humu.22033
RNU12-2P	https://dx.doi.org/10.1002/humu.22033
RNU5B-2P	https://dx.doi.org/10.1002/humu.22033
RNU5B-3P	https://dx.doi.org/10.1002/humu.22033
RNU5B-4P	https://dx.doi.org/10.1002/humu.22033
RNU5B-5P	https://dx.doi.org/10.1002/humu.22033
RNU5B-6P	https://dx.doi.org/10.1002/humu.22033
ROCK1P1	https://dx.doi.org/10.1002/humu.22033
RP1L1	https://dx.doi.org/10.1002/humu.22033 NGSD_TUE
RPL10AP12	https://dx.doi.org/10.1002/humu.22033
RPL10AP3	https://dx.doi.org/10.1002/humu.22033
RPL12P9	https://dx.doi.org/10.1002/humu.22033
RPL13AP17	https://dx.doi.org/10.1002/humu.22033
RPL13AP5	https://dx.doi.org/10.1002/humu.22033
RPL13AP6	https://dx.doi.org/10.1002/humu.22033
RPL13AP7	https://dx.doi.org/10.1002/humu.22033
RPL13P	https://dx.doi.org/10.1002/humu.22033
RPL13P4	https://dx.doi.org/10.1002/humu.22033
RPL13P5	https://dx.doi.org/10.1002/humu.22033
RPL15P4	https://dx.doi.org/10.1002/humu.22033
RPL17P2	https://dx.doi.org/10.1002/humu.22033
RPL17P27	https://dx.doi.org/10.1002/humu.22033
RPL18AP5	https://dx.doi.org/10.1002/humu.22033
RPL19P12	https://dx.doi.org/10.1002/humu.22033
RPL21P107	https://dx.doi.org/10.1002/humu.22033
RPL21P28	https://dx.doi.org/10.1002/humu.22033
RPL21P44	https://dx.doi.org/10.1002/humu.22033
RPL21P7	https://dx.doi.org/10.1002/humu.22033
RPL22P1	https://dx.doi.org/10.1002/humu.22033
RPL22P2	https://dx.doi.org/10.1002/humu.22033
RPL23AP12	https://dx.doi.org/10.1002/humu.22033
RPL23AP20	https://dx.doi.org/10.1002/humu.22033
RPL23AP53	https://dx.doi.org/10.1002/humu.22033
RPL23AP64	https://dx.doi.org/10.1002/humu.22033
RPL23AP7	https://dx.doi.org/10.1002/humu.22033
RPL23AP82	https://dx.doi.org/10.1002/humu.22033
RPL23P8	https://dx.doi.org/10.1002/humu.22033
RPL24P6	https://dx.doi.org/10.1002/humu.22033
RPL28P1	https://dx.doi.org/10.1002/humu.22033
RPL29P3	https://dx.doi.org/10.1002/humu.22033
RPL29P4	https://dx.doi.org/10.1002/humu.22033
RPL31P23	https://dx.doi.org/10.1002/humu.22033
RPL31P39	https://dx.doi.org/10.1002/humu.22033
RPL31P9	https://dx.doi.org/10.1002/humu.22033
RPL32P4	https://dx.doi.org/10.1002/humu.22033
RPL35AP3	https://dx.doi.org/10.1002/humu.22033
RPL35AP4	https://dx.doi.org/10.1002/humu.22033
RPL39P15	https://dx.doi.org/10.1002/humu.22033
RPL5P10	https://dx.doi.org/10.1002/humu.22033
RPL5P4	https://dx.doi.org/10.1002/humu.22033
RPL5P5	https://dx.doi.org/10.1002/humu.22033
RPL7L1P1	https://dx.doi.org/10.1002/humu.22033
RPL8P1	https://dx.doi.org/10.1002/humu.22033
RPL9P2	https://dx.doi.org/10.1002/humu.22033
RPLP0P6	https://dx.doi.org/10.1002/humu.22033
RPLP1P4	https://dx.doi.org/10.1002/humu.22033
RPS10P14	https://dx.doi.org/10.1002/humu.22033
RPS10P24	https://dx.doi.org/10.1002/humu.22033
RPS10P7	https://dx.doi.org/10.1002/humu.22033
RPS11P5	https://dx.doi.org/10.1002/humu.22033
RPS12P2	https://dx.doi.org/10.1002/humu.22033
RPS14P9	https://dx.doi.org/10.1002/humu.22033
RPS15AP10	https://dx.doi.org/10.1002/humu.22033
RPS15AP14	https://dx.doi.org/10.1002/humu.22033
RPS17P12	https://dx.doi.org/10.1002/humu.22033
RPS17P3	https://dx.doi.org/10.1002/humu.22033
RPS20P2	https://dx.doi.org/10.1002/humu.22033
RPS24P17	https://dx.doi.org/10.1002/humu.22033
RPS26P11	https://dx.doi.org/10.1002/humu.22033
RPS26P16	https://dx.doi.org/10.1002/humu.22033
RPS26P2	https://dx.doi.org/10.1002/humu.22033
RPS26P5	https://dx.doi.org/10.1002/humu.22033
RPS26P7	https://dx.doi.org/10.1002/humu.22033
RPS27P10	https://dx.doi.org/10.1002/humu.22033
RPS27P6	https://dx.doi.org/10.1002/humu.22033
RPS27P8	https://dx.doi.org/10.1002/humu.22033
RPS27P9	https://dx.doi.org/10.1002/humu.22033
RPS29P1	https://dx.doi.org/10.1002/humu.22033
RPS29P2	https://dx.doi.org/10.1002/humu.22033
RPS29P9	https://dx.doi.org/10.1002/humu.22033
RPS2P32	https://dx.doi.org/10.1002/humu.22033
RPS2P45	https://dx.doi.org/10.1002/humu.22033
RPS2P46	https://dx.doi.org/10.1002/humu.22033
RPS3AP4	https://dx.doi.org/10.1002/humu.22033
RPS3AP5	https://dx.doi.org/10.1002/humu.22033
RPS4XP21	https://dx.doi.org/10.1002/humu.22033
RPS4Y1P1	https://dx.doi.org/10.1002/humu.22033
RPS5P2	https://dx.doi.org/10.1002/humu.22033
RPS7P3	https://dx.doi.org/10.1002/humu.22033
RPS7P5	https://dx.doi.org/10.1002/humu.22033
RPS8P4	https://dx.doi.org/10.1002/humu.22033
RPSAP2	https://dx.doi.org/10.1002/humu.22033
RPSAP21	https://dx.doi.org/10.1002/humu.22033
RPSAP52	https://dx.doi.org/10.1002/humu.22033
RPSAP58	https://dx.doi.org/10.1002/humu.22033
RPSAP6	https://dx.doi.org/10.1002/humu.22033
RPSAP9	https://dx.doi.org/10.1002/humu.22033
RRN3P1	https://dx.doi.org/10.1002/humu.22033
RRN3P2	https://dx.doi.org/10.1002/humu.22033
RSL24D1P4	https://dx.doi.org/10.1002/humu.22033
SBDSP1	https://dx.doi.org/10.1002/humu.22033
SCAND2P	https://dx.doi.org/10.1002/humu.22033
SCARA3	https://dx.doi.org/10.1002/humu.22033
SDHAP2	https://dx.doi.org/10.1002/humu.22033
SDHAP3	https://dx.doi.org/10.1002/humu.22033
SEPT7P9	https://dx.doi.org/10.1002/humu.22033
SERHL	https://dx.doi.org/10.1002/humu.22033
SERPINA13P	https://dx.doi.org/10.1002/humu.22033
SERPINB9P1	https://dx.doi.org/10.1002/humu.22033
SH3GL1P1	https://dx.doi.org/10.1002/humu.22033
SH3GL1P2	https://dx.doi.org/10.1002/humu.22033
SH3GL1P3	https://dx.doi.org/10.1002/humu.22033
SH3TC1	NGSD_TUE
SIGLEC17P	https://dx.doi.org/10.1002/humu.22033
SIGLEC26P	https://dx.doi.org/10.1002/humu.22033
SIGLEC30P	https://dx.doi.org/10.1002/humu.22033
SIGLEC7	https://dx.doi.org/10.1002/humu.22033
SIRPA	https://dx.doi.org/10.1002/humu.22033
SIRPB1	https://dx.doi.org/10.1002/humu.22033
SKINT1L	https://dx.doi.org/10.1002/humu.22033
SLC25A5	https://dx.doi.org/10.1002/humu.22033
SLC25A51P1	https://dx.doi.org/10.1002/humu.22033
SLC35G1	https://dx.doi.org/10.1002/humu.22033
SLC35G5	https://dx.doi.org/10.1002/humu.22033
SLC7A5P1	https://dx.doi.org/10.1002/humu.22033
SLC7A5P2	https://dx.doi.org/10.1002/humu.22033
SLC9B1	https://dx.doi.org/10.1002/humu.22033
SLC9C1	https://dx.doi.org/10.1002/humu.22033
SMN1	https://dx.doi.org/10.1002/humu.22033
SNRPD2P2	https://dx.doi.org/10.1002/humu.22033
SPATA31D5P	https://dx.doi.org/10.1002/humu.22033
SPATA31E1	https://dx.doi.org/10.1002/humu.22033
SPDYE8P	https://dx.doi.org/10.1002/humu.22033
SPTBN5	https://dx.doi.org/10.1002/humu.22033 NGSD_TUE
SRGAP2B	https://dx.doi.org/10.1002/humu.22033
SRP68P1	https://dx.doi.org/10.1002/humu.22033
SRRM2	NGSD_TUE
SSC5D	NGSD_TUE
SSPO	https://dx.doi.org/10.1002/humu.22033 NGSD_TUE
SSX8	https://dx.doi.org/10.1002/humu.22033
ST13P6	https://dx.doi.org/10.1002/humu.22033
STARD9	NGSD_TUE
STSP1	https://dx.doi.org/10.1002/humu.22033
SUGT1P1	https://dx.doi.org/10.1002/humu.22033
SULT1C2P1	https://dx.doi.org/10.1002/humu.22033
SUZ12P1	https://dx.doi.org/10.1002/humu.22033
SVEP1	https://dx.doi.org/10.1002/humu.22033
SYNE2	https://dx.doi.org/10.1002/humu.22033 NGSD_TUE
SYT14P1	https://dx.doi.org/10.1002/humu.22033
TAAR2	https://dx.doi.org/10.1002/humu.22033
TAAR3	https://dx.doi.org/10.1002/humu.22033
TACC2	https://dx.doi.org/10.1002/humu.22033
TAS1R1	https://dx.doi.org/10.1002/humu.22033
TAS1R2	https://dx.doi.org/10.1002/humu.22033
TAS1R3	https://dx.doi.org/10.1002/humu.22033
TAS2R1	https://dx.doi.org/10.1002/humu.22033
TAS2R10	https://dx.doi.org/10.1002/humu.22033
TAS2R13	https://dx.doi.org/10.1002/humu.22033
TAS2R14	https://dx.doi.org/10.1002/humu.22033
TAS2R16	https://dx.doi.org/10.1002/humu.22033
TAS2R19	https://dx.doi.org/10.1002/humu.22033
TAS2R20	https://dx.doi.org/10.1002/humu.22033
TAS2R3	https://dx.doi.org/10.1002/humu.22033
TAS2R30	https://dx.doi.org/10.1002/humu.22033
TAS2R31	https://dx.doi.org/10.1002/humu.22033
TAS2R38	https://dx.doi.org/10.1002/humu.22033
TAS2R39	https://dx.doi.org/10.1002/humu.22033
TAS2R4	https://dx.doi.org/10.1002/humu.22033
TAS2R40	https://dx.doi.org/10.1002/humu.22033
TAS2R41	https://dx.doi.org/10.1002/humu.22033
TAS2R42	https://dx.doi.org/10.1002/humu.22033
TAS2R43	https://dx.doi.org/10.1002/humu.22033
TAS2R46	https://dx.doi.org/10.1002/humu.22033
TAS2R5	https://dx.doi.org/10.1002/humu.22033
TAS2R50	https://dx.doi.org/10.1002/humu.22033
TAS2R60	https://dx.doi.org/10.1002/humu.22033
TAS2R7	https://dx.doi.org/10.1002/humu.22033
TAS2R8	https://dx.doi.org/10.1002/humu.22033
TAS2R9	https://dx.doi.org/10.1002/humu.22033
TBC1D3P1	https://dx.doi.org/10.1002/humu.22033
TBC1D4	https://dx.doi.org/10.1002/humu.22033
TCEB1P20	https://dx.doi.org/10.1002/humu.22033
TCHH	NGSD_TUE
TCP10	https://dx.doi.org/10.1002/humu.22033
TEKT4	https://dx.doi.org/10.1002/humu.22033
TEP1	https://dx.doi.org/10.1002/humu.22033
TEX21P	https://dx.doi.org/10.1002/humu.22033
TG	https://dx.doi.org/10.1002/humu.22033
TMA7	https://dx.doi.org/10.1002/humu.22033
TMED11P	https://dx.doi.org/10.1002/humu.22033
TMEM14DP	https://dx.doi.org/10.1002/humu.22033
TNRC18	NGSD_TUE
TNXA	https://dx.doi.org/10.1002/humu.22033
TNXB	NGSD_TUE
TOP1P1	https://dx.doi.org/10.1002/humu.22033
TPI1P2	https://dx.doi.org/10.1002/humu.22033
TPRXL	https://dx.doi.org/10.1002/humu.22033
TPT1P8	https://dx.doi.org/10.1002/humu.22033
TREML3P	https://dx.doi.org/10.1002/humu.22033
TRIM53AP	https://dx.doi.org/10.1002/humu.22033
TRIOBP	NGSD_TUE
TRPC2	https://dx.doi.org/10.1002/humu.22033
TSPY16P	https://dx.doi.org/10.1002/humu.22033
TTC3P1	https://dx.doi.org/10.1002/humu.22033
TUBB7P	https://dx.doi.org/10.1002/humu.22033
TUBBP5	https://dx.doi.org/10.1002/humu.22033
TYRL	https://dx.doi.org/10.1002/humu.22033
TYRO3P	https://dx.doi.org/10.1002/humu.22033
UBE2Q2P2	https://dx.doi.org/10.1002/humu.22033
UBTFL3	https://dx.doi.org/10.1002/humu.22033
UBTFL5	https://dx.doi.org/10.1002/humu.22033
UGT2B11	https://dx.doi.org/10.1002/humu.22033
UGT2B24P	https://dx.doi.org/10.1002/humu.22033
UMODL1	https://dx.doi.org/10.1002/humu.22033
UOX	https://dx.doi.org/10.1002/humu.22033
USH2A	https://dx.doi.org/10.1002/humu.22033 NGSD_TUE
USP17L2	https://dx.doi.org/10.1002/humu.22033
USP17L6P	https://dx.doi.org/10.1002/humu.22033
USP6	https://dx.doi.org/10.1002/humu.22033
VCX2	https://dx.doi.org/10.1002/humu.22033
VCX3A	https://dx.doi.org/10.1002/humu.22033
VCX3B	NGSD_TUE
VENTXP1	https://dx.doi.org/10.1002/humu.22033
VENTXP6	https://dx.doi.org/10.1002/humu.22033
WASH1	https://dx.doi.org/10.1002/humu.22033
WASH2P	https://dx.doi.org/10.1002/humu.22033
WASH3P	https://dx.doi.org/10.1002/humu.22033
WASH5P	https://dx.doi.org/10.1002/humu.22033
WASH7P	https://dx.doi.org/10.1002/humu.22033
WDR90	https://dx.doi.org/10.1002/humu.22033
WFDC21P	https://dx.doi.org/10.1002/humu.22033
WHAMMP3	https://dx.doi.org/10.1002/humu.22033
XIRP2	https://dx.doi.org/10.1002/humu.22033 NGSD_TUE
YWHAEP7	https://dx.doi.org/10.1002/humu.22033
ZAN	https://dx.doi.org/10.1002/humu.22033 NGSD_TUE
ZC3H11B	https://dx.doi.org/10.1002/humu.22033
ZDHHC8P1	https://dx.doi.org/10.1002/humu.22033
ZFHX3	NGSD_TUE
ZNF137P	https://dx.doi.org/10.1002/humu.22033
ZNF204P	https://dx.doi.org/10.1002/humu.22033
ZNF208	https://dx.doi.org/10.1002/humu.22033 NGSD_TUE
ZNF252P	https://dx.doi.org/10.1002/humu.22033
ZNF268	https://dx.doi.org/10.1002/humu.22033
ZNF271P	https://dx.doi.org/10.1002/humu.22033
ZNF300P1	https://dx.doi.org/10.1002/humu.22033
ZNF321P	https://dx.doi.org/10.1002/humu.22033
ZNF37BP	https://dx.doi.org/10.1002/humu.22033
ZNF402P	https://dx.doi.org/10.1002/humu.22033
ZNF443	https://dx.doi.org/10.1002/humu.22033
ZNF469	NGSD_TUE
ZNF492	https://dx.doi.org/10.1002/humu.22033
ZNF525	https://dx.doi.org/10.1002/humu.22033
ZNF542P	https://dx.doi.org/10.1002/humu.22033
ZNF568	https://dx.doi.org/10.1002/humu.22033
ZNF658	https://dx.doi.org/10.1002/humu.22033
ZNF658B	https://dx.doi.org/10.1002/humu.22033
ZNF676	NGSD_TUE
ZNF702P	https://dx.doi.org/10.1002/humu.22033
ZNF717	https://dx.doi.org/10.1002/humu.22033
ZNF738	https://dx.doi.org/10.1002/humu.22033
ZNF75BP	https://dx.doi.org/10.1002/humu.22033
ZNF767P	https://dx.doi.org/10.1002/humu.22033
ZNF788	https://dx.doi.org/10.1002/humu.22033
ZNF799	https://dx.doi.org/10.1002/humu.22033
ZNF815P	https://dx.doi.org/10.1002/humu.22033
ZNF826P	https://dx.doi.org/10.1002/humu.22033
ZNF833P	https://dx.doi.org/10.1002/humu.22033
ZNF847P	https://dx.doi.org/10.1002/humu.22033
ZNF876P	https://dx.doi.org/10.1002/humu.22033
ZNF890P	https://dx.doi.org/10.1002/humu.22033
ZNF99	https://dx.doi.org/10.1002/humu.22033
